Combination_ID,Combination,Omics_Count,Omics,Has_CNV,Has_MET,Has_MIR,Has_PRO,Has_RNA,Has_SNP,Final_AvgRank,Final_Rank,SD_NormRank,Support_Algorithms,Algorithms,Bootstrap_Primary_FR,Bootstrap_Primary_Rank,Bootstrap_FR_mean,Bootstrap_FR_median,Bootstrap_FR_CI_low,Bootstrap_FR_CI_high,Bootstrap_rank_mean,Bootstrap_rank_median,Bootstrap_rank_CI_low,Bootstrap_rank_CI_high,Rank1_probability,Top5_probability,Top10_probability,Top20_probability,Mean_abs_rank_shift,Median_abs_rank_shift,Bootstrap_N
CNV_MET_MIR_PRO,CNV+MET+MIR+PRO,4,CNV;MET;MIR;PRO,1,1,1,1,0,0,0.21492857142857144,1,0.08993776192683563,5,"BCC, iClusterBayes, LRA, PINSPlus, SNF",0.214928571428571,1,0.333695285714286,0.329642857142857,0.177669642857143,0.506648214285714,11.457,9,1,32.525,0.046,0.294,0.542,0.856,10.457,8,500
CNV_RNA_SNP,CNV+RNA+SNP,3,CNV;RNA;SNP,1,0,0,0,1,1,0.24107142857142855,2,0.2651650429449553,2,"iClusterBayes, LRA",0.241071428571429,2,0.301035714285714,0.301339285714286,0.0714285714285714,0.554017857142857,10.353,7,1,39.525,0.2,0.442,0.634,0.842,8.747,5,500
CNV_MET_MIR_PRO_RNA,CNV+MET+MIR+PRO+RNA,5,CNV;MET;MIR;PRO;RNA,1,1,1,1,1,0,0.24921428571428572,3,0.20607613265242433,5,"BCC, iClusterBayes, LRA, PINSPlus, SNF",0.249214285714286,3,0.316393,0.316285714285714,0.1791,0.466983928571429,9.591,8,1,27,0.052,0.322,0.636,0.924,6.911,5,500
MET_MIR_RNA_SNP,MET+MIR+RNA+SNP,4,MET;MIR;RNA;SNP,0,1,1,0,1,1,0.26785714285714285,4,0.37880720420707903,2,"iClusterBayes, LRA",0.267857142857143,4,0.322946428571429,0.321428571428571,0.135825892857143,0.529352678571428,11.045,9,1,35.525,0.072,0.348,0.604,0.842,7.877,5,500
CNV_MET_MIR_RNA,CNV+MET+MIR+RNA,4,CNV;MET;MIR;RNA,1,1,1,0,1,0,0.29185714285714287,5,0.3694768778493535,5,"BCC, iClusterBayes, LRA, PINSPlus, SNF",0.291857142857143,5,0.322443428571429,0.315035714285714,0.2017125,0.476758928571429,9.987,8,1,28.525,0.028,0.304,0.632,0.908,6.021,4,500
MET_MIR_RNA,MET+MIR+RNA,3,MET;MIR;RNA,0,1,1,0,1,0,0.30228571428571427,6,0.12448096321960894,5,"BCC, iClusterBayes, LRA, PINSPlus, SNF",0.302285714285714,6,0.323655,0.32225,0.173855357142857,0.506025,10.816,8,1,32.525,0.034,0.314,0.602,0.866,6.604,4,500
CNV_MET_SNP,CNV+MET+SNP,3,CNV;MET;SNP,1,1,0,0,0,1,0.3080357142857143,7,0.056821080631061845,2,"iClusterBayes, LRA",0.308035714285714,7,0.485330357142857,0.495535714285714,0.236607142857143,0.734486607142857,28.024,30,3,51,0.004,0.076,0.168,0.342,21.218,22.5,500
MET_MIR_SNP,MET+MIR+SNP,3,MET;MIR;SNP,0,1,1,0,0,1,0.3080357142857143,7,0.3851206576105304,2,"iClusterBayes, LRA",0.308035714285714,7,0.501,0.486607142857143,0.332477678571429,0.747879464285714,29.575,29.5,9,50,0,0.008,0.04,0.218,22.149,22,500
MET_MIR_PRO_RNA,MET+MIR+PRO+RNA,4,MET;MIR;PRO;RNA,0,1,1,1,1,0,0.31142857142857144,9,0.15964964830553693,5,"BCC, iClusterBayes, LRA, PINSPlus, SNF",0.311428571428571,9,0.33015485714285697,0.325321428571429,0.161528571428571,0.517871428571429,11.425,9,1,34.525,0.068,0.302,0.586,0.834,6.763,5,500
CNV_MET_MIR,CNV+MET+MIR,3,CNV;MET;MIR,1,1,1,0,0,0,0.3196428571428572,10,0.3019908432183915,5,"BCC, iClusterBayes, LRA, PINSPlus, SNF",0.319642857142857,10,0.435337142857143,0.433821428571429,0.277455357142857,0.626992857142857,22.159,22,4,44,0.004,0.052,0.164,0.458,13.169,12,500
MET_MIR_PRO,MET+MIR+PRO,3,MET;MIR;PRO,0,1,1,1,0,0,0.3215,11,0.25958100068835416,5,"BCC, iClusterBayes, LRA, PINSPlus, SNF",0.3215,11,0.370985285714286,0.369357142857143,0.236171428571429,0.518294642857143,14.962,13,3,35,0.006,0.13,0.342,0.77,7.1,6,500
CNV_MET_MIR_RNA_SNP,CNV+MET+MIR+RNA+SNP,5,CNV;MET;MIR;RNA;SNP,1,1,1,0,1,1,0.35714285714285715,12,0.1767766952966369,2,"iClusterBayes, LRA",0.357142857142857,12,0.410125,0.419642857142857,0.176227678571429,0.6296875,20.287,20,1,44.525,0.044,0.158,0.284,0.53,12.261,10,500
CNV_MET_MIR_SNP,CNV+MET+MIR+SNP,4,CNV;MET;MIR;SNP,1,1,1,0,0,1,0.36160714285714285,13,0.49876281887265406,2,"iClusterBayes, LRA",0.361607142857143,13,0.520982142857143,0.522321428571429,0.359263392857143,0.71875,32.372,33.25,12,49,0,0,0.016,0.134,19.53,20.25,500
MET_PRO_RNA,MET+PRO+RNA,3,MET;PRO;RNA,0,1,0,1,1,0,0.3657142857142857,14,0.33634287655938977,5,"BCC, iClusterBayes, LRA, PINSPlus, SNF",0.365714285714286,14,0.467232285714286,0.460642857142857,0.326860714285714,0.62485,26.272,26,9,44,0,0.002,0.036,0.288,12.82,12,500
MET_MIR_PRO_SNP,MET+MIR+PRO+SNP,4,MET;MIR;PRO;SNP,0,1,1,1,0,1,0.37053571428571425,15,0.4230013780312382,2,"iClusterBayes, LRA",0.370535714285714,15,0.478357142857143,0.46875,0.325892857142857,0.730245535714285,27.106,26.5,8.7375,49,0,0.01,0.048,0.31,13.154,11.5,500
CNV_MIR_RNA_SNP,CNV+MIR+RNA+SNP,4,CNV;MIR;RNA;SNP,1,0,1,0,1,1,0.375,16,0.3535533905932738,2,"iClusterBayes, LRA",0.375,16,0.376321428571429,0.381696428571429,0.147098214285714,0.607142857142857,16.719,15,1,43,0.06,0.218,0.356,0.654,9.663,9,500
CNV_RNA,CNV+RNA,2,CNV;RNA,1,0,0,0,1,0,0.37714285714285717,17,0.3029316788333903,5,"BCC, iClusterBayes, LRA, PINSPlus, SNF",0.377142857142857,17,0.392640428571429,0.391785714285714,0.210739285714286,0.576958928571428,17.878,16,2,41.525,0.012,0.142,0.288,0.636,8.814,8,500
CNV_MET_PRO_SNP,CNV+MET+PRO+SNP,4,CNV;MET;PRO;SNP,1,1,0,1,0,1,0.3839285714285714,18,0.44194173824159216,2,"iClusterBayes, LRA",0.383928571428571,18,0.430723214285714,0.441964285714286,0.1875,0.638392857142857,22.656,23,1,45,0.03,0.132,0.248,0.438,11.79,11.5,500
MET_PRO_RNA_SNP,MET+PRO+RNA+SNP,4,MET;PRO;RNA;SNP,0,1,0,1,1,1,0.4017857142857143,19,0.1641497884897343,2,"iClusterBayes, LRA",0.401785714285714,19,0.4311875,0.424107142857143,0.160714285714286,0.705357142857143,22.524,21,1.2375,49,0.03,0.148,0.302,0.482,13.086,12.5,500
CNV_MET_PRO_RNA_SNP,CNV+MET+PRO+RNA+SNP,5,CNV;MET;PRO;RNA;SNP,1,1,0,1,1,1,0.4107142857142857,20,0.025253813613805257,2,"iClusterBayes, LRA",0.410714285714286,20,0.345035714285714,0.352678571428571,0.106919642857143,0.584821428571429,13.909,11,1,40,0.088,0.318,0.482,0.726,11.119,11,500
CNV_MIR_PRO_RNA_SNP,CNV+MIR+PRO+RNA+SNP,5,CNV;MIR;PRO;RNA;SNP,1,0,1,1,1,1,0.4330357142857143,21,0.32198612357601714,2,"iClusterBayes, LRA",0.433035714285714,21,0.396133928571429,0.40625,0.136049107142857,0.638392857142857,19.337,18,1,45,0.056,0.21,0.328,0.566,11.903,12,500
MET_RNA,MET+RNA,2,MET;RNA,0,1,0,0,1,0,0.43685714285714283,22,0.29903996047214776,5,"BCC, iClusterBayes, LRA, PINSPlus, SNF",0.436857142857143,22,0.502120857142857,0.489,0.332976785714286,0.7110625,29.874,30,10,48.525,0,0.008,0.038,0.212,11.01,10,500
CNV_MET_MIR_PRO_SNP,CNV+MET+MIR+PRO+SNP,5,CNV;MET;MIR;PRO;SNP,1,1,1,1,0,1,0.4375,23,0.5682108063106186,2,"iClusterBayes, LRA",0.4375,23,0.460294642857143,0.459821428571429,0.191741071428571,0.674330357142857,25.682,26,2,46.7625,0.014,0.086,0.166,0.392,11.9,12,500
CNV_MIR_PRO_RNA,CNV+MIR+PRO+RNA,4,CNV;MIR;PRO;RNA,1,0,1,1,1,0,0.44292857142857145,24,0.3301895713998619,5,"BCC, iClusterBayes, LRA, PINSPlus, SNF",0.442928571428571,24,0.448149285714286,0.449214285714286,0.294244642857143,0.612851785714286,23.833,24,6,43,0.002,0.018,0.1,0.402,8.555,8,500
CNV_MET_PRO_RNA,CNV+MET+PRO+RNA,4,CNV;MET;PRO;RNA,1,1,0,1,1,0,0.45471428571428574,25,0.3343176114208201,5,"BCC, iClusterBayes, LRA, PINSPlus, SNF",0.454714285714286,25,0.473393285714286,0.474142857142857,0.347539285714286,0.601596428571429,27.164,28,11,43,0,0,0.018,0.246,7.382,7,500
CNV_MET,CNV+MET,2,CNV;MET,1,1,0,0,0,0,0.45485714285714285,26,0.10581396121379778,5,"BCC, iClusterBayes, LRA, PINSPlus, SNF",0.454857142857143,26,0.535828428571429,0.537214285714286,0.359407142857143,0.711705357142857,33.989,35,12.475,50,0,0.008,0.02,0.112,10.933,10.5,500
CNV_MET_RNA,CNV+MET+RNA,3,CNV;MET;RNA,1,1,0,0,1,0,0.455,27,0.24446213345603762,5,"BCC, iClusterBayes, LRA, PINSPlus, SNF",0.455,27,0.379234,0.377285714285714,0.2465,0.518721428571429,15.708,14,3,35,0.006,0.09,0.298,0.728,12.268,13,500
MIR_PRO_RNA,MIR+PRO+RNA,3,MIR;PRO;RNA,0,0,1,1,1,0,0.4565714285714286,28,0.2967349535411378,5,"BCC, iClusterBayes, LRA, PINSPlus, SNF",0.456571428571429,28,0.401714714285714,0.39725,0.223858928571429,0.604278571428571,18.669,17,2.475,42,0.008,0.102,0.266,0.604,12.431,12,500
CNV_MIR,CNV+MIR,2,CNV;MIR,1,0,1,0,0,0,0.4602857142857143,29,0.3944518283617902,5,"BCC, iClusterBayes, LRA, PINSPlus, SNF",0.460285714285714,29,0.496444714285714,0.498285714285714,0.322098214285714,0.665121428571428,29.527,30.75,8,46.525,0,0.01,0.044,0.208,8.687,8,500
CNV_PRO_RNA,CNV+PRO+RNA,3,CNV;PRO;RNA,1,0,0,1,1,0,0.47264285714285714,30,0.2942208666416217,5,"BCC, iClusterBayes, LRA, PINSPlus, SNF",0.472642857142857,30,0.474676571428571,0.47,0.311308928571429,0.6242,27.382,27,9,45,0,0.006,0.042,0.258,8.248,7,500
CNV_MIR_RNA,CNV+MIR+RNA,3,CNV;MIR;RNA,1,0,1,0,1,0,0.4732857142857143,31,0.2544329429318845,5,"BCC, iClusterBayes, LRA, PINSPlus, SNF",0.473285714285714,31,0.454266857142857,0.454071428571429,0.285475,0.605675,24.751,25,6,42,0,0.02,0.09,0.34,9.337,8,500
MET_RNA_SNP,MET+RNA+SNP,3,MET;RNA;SNP,0,1,0,0,1,1,0.48214285714285715,32,0.277791949751858,2,"iClusterBayes, LRA",0.482142857142857,32,0.466223214285714,0.46875,0.205357142857143,0.732142857142857,26.029,26.5,2,49,0.02,0.112,0.212,0.4,13.671,13,500
CNV_PRO_RNA_SNP,CNV+PRO+RNA+SNP,4,CNV;PRO;RNA;SNP,1,0,0,1,1,1,0.4955357142857143,33,0.4608820984519461,2,"iClusterBayes, LRA",0.495535714285714,33,0.481589285714286,0.477678571428571,0.265513392857143,0.690066964285714,27.925,28,5.2375,48,0.004,0.028,0.092,0.288,10.699,9,500
CNV_MET_PRO,CNV+MET+PRO,3,CNV;MET;PRO,1,1,0,1,0,0,0.512,34,0.38264066374474687,5,"BCC, iClusterBayes, LRA, PINSPlus, SNF",0.512,34,0.570320142857143,0.567714285714286,0.3957,0.720803571428571,37.727,39,17.475,50,0,0,0.004,0.04,7.759,7,500
CNV_MIR_SNP,CNV+MIR+SNP,3,CNV;MIR;SNP,1,0,1,0,0,1,0.5267857142857143,35,0.31567267017256584,2,"iClusterBayes, LRA",0.526785714285714,35,0.523303571428571,0.533482142857143,0.222544642857143,0.756808035714286,32.205,35,3,51.7625,0.01,0.062,0.11,0.22,11.539,10,500
MET_PRO,MET+PRO,2,MET;PRO,0,1,0,1,0,0,0.5556428571428571,36,0.2126803556360328,5,"BCC, iClusterBayes, LRA, PINSPlus, SNF",0.555642857142857,36,0.658973857142857,0.663892857142857,0.467057142857143,0.819083928571428,44.78,47,26,53,0,0,0,0.014,10.064,11,500
CNV_MIR_PRO,CNV+MIR+PRO,3,CNV;MIR;PRO,1,0,1,1,0,0,0.5569999999999999,37,0.31114518561374566,5,"BCC, iClusterBayes, LRA, PINSPlus, SNF",0.557,37,0.550224,0.549428571428571,0.366928571428571,0.709966071428571,35.787,37,14,49.525,0,0.004,0.01,0.074,7.583,7,500
CNV_MET_MIR_PRO_RNA_SNP,CNV+MET+MIR+PRO+RNA+SNP,6,CNV;MET;MIR;PRO;RNA;SNP,1,1,1,1,1,1,0.5625,38,0.2651650429449553,2,"iClusterBayes, LRA",0.5625,38,0.389232142857143,0.392857142857143,0.144977678571429,0.622879464285714,18.159,17,1,42.525,0.064,0.18,0.334,0.604,20.483,21,500
MET_SNP,MET+SNP,2,MET;SNP,0,1,0,0,0,1,0.5848214285714286,39,0.06944798743796449,2,"iClusterBayes, LRA",0.584821428571429,39,0.631696428571429,0.629464285714286,0.397321428571429,0.888392857142857,41.109,44,17.2375,54,0,0,0.002,0.064,9.243,9,500
CNV_SNP,CNV+SNP,2,CNV;SNP,1,0,0,0,0,1,0.59375,40,0.5240166324864594,2,"iClusterBayes, LRA",0.59375,40,0.512741071428571,0.508928571428571,0.243191964285714,0.790401785714286,30.53,32,3,51,0.004,0.048,0.092,0.27,13.212,10,500
CNV_MET_RNA_SNP,CNV+MET+RNA+SNP,4,CNV;MET;RNA;SNP,1,1,0,0,1,1,0.6071428571428571,41,0.2525381361380527,2,"iClusterBayes, LRA",0.607142857142857,41,0.404660714285714,0.40625,0.180691964285714,0.625,19.746,19,2,44,0.018,0.134,0.288,0.55,21.628,22,500
MIR_RNA,MIR+RNA,2,MIR;RNA,0,0,1,0,1,0,0.6751428571428572,42,0.29270091651823066,5,"BCC, iClusterBayes, LRA, PINSPlus, SNF",0.675142857142857,42,0.545823857142857,0.548464285714286,0.363944642857143,0.704010714285714,35.152,37,13,49,0,0,0.012,0.104,8.79,6,500
MET_MIR,MET+MIR,2,MET;MIR,0,1,1,0,0,0,0.6782142857142858,43,0.1479373488463054,5,"BCC, iClusterBayes, LRA, PINSPlus, SNF",0.678214285714286,43,0.641278714285714,0.637285714285714,0.476501785714286,0.809889285714286,43.583,45,28,52,0,0,0,0.004,5.087,5,500
RNA_SNP,RNA+SNP,2,RNA;SNP,0,0,0,0,1,1,0.6830357142857143,44,0.25885158954150406,2,"iClusterBayes, LRA",0.683035714285714,44,0.570375,0.5625,0.303571428571429,0.875,35.579,38.5,7,53,0,0.014,0.052,0.168,11.859,8,500
CNV_PRO,CNV+PRO,2,CNV;PRO,1,0,0,1,0,0,0.6839285714285714,45,0.2055905505848844,5,"BCC, iClusterBayes, LRA, PINSPlus, SNF",0.683928571428571,45,0.608142,0.611142857142857,0.411857142857143,0.7765875,41.157,43,19,52,0,0,0.002,0.036,6.531,4.25,500
MIR_RNA_SNP,MIR+RNA+SNP,3,MIR;RNA;SNP,0,0,1,0,1,1,0.6964285714285714,46,0.1767766952966369,2,"iClusterBayes, LRA",0.696428571428571,46,0.488392857142857,0.486607142857143,0.214285714285714,0.75,28.159,29,2,49.7625,0.008,0.048,0.12,0.316,18.339,17,500
MIR_PRO_RNA_SNP,MIR+PRO+RNA+SNP,4,MIR;PRO;RNA;SNP,0,0,1,1,1,1,0.7053571428571428,47,0.13889597487592903,2,"iClusterBayes, LRA",0.705357142857143,47,0.4765625,0.464285714285714,0.241071428571429,0.725558035714286,27.004,27,3,50,0.012,0.046,0.122,0.342,20.31,20,500
MET_MIR_PRO_RNA_SNP,MET+MIR+PRO+RNA+SNP,5,MET;MIR;PRO;RNA;SNP,0,1,1,1,1,1,0.7142857142857143,48,0.22728432252424738,2,"iClusterBayes, LRA",0.714285714285714,48,0.644151785714286,0.665178571428571,0.368191964285714,0.857142857142857,42.28,47,14.475,54,0,0.002,0.014,0.066,7.858,4,500
CNV_MIR_PRO_SNP,CNV+MIR+PRO+SNP,4,CNV;MIR;PRO;SNP,1,0,1,1,0,1,0.7589285714285714,49,0.06313453403451319,2,"iClusterBayes, LRA",0.758928571428571,49,0.522303571428571,0.526785714285714,0.223214285714286,0.772321428571429,31.327,34,2,52,0.01,0.058,0.128,0.284,18.081,15,500
MIR_PRO_SNP,MIR+PRO+SNP,3,MIR;PRO;SNP,0,0,1,1,0,1,0.7678571428571428,50,0.22728432252424746,2,"iClusterBayes, LRA",0.767857142857143,50,0.870625,0.892857142857143,0.647098214285714,0.973214285714286,53.355,54,45,56,0,0,0,0,4.181,4,500
CNV_PRO_SNP,CNV+PRO+SNP,3,CNV;PRO;SNP,1,0,0,1,0,1,0.7723214285714286,51,0.006313453403451295,2,"iClusterBayes, LRA",0.772321428571429,51,0.633696428571429,0.647321428571429,0.325892857142857,0.870535714285714,41.788,45,11,54.525,0.002,0.016,0.024,0.066,9.818,6,500
PRO_RNA,PRO+RNA,2,PRO;RNA,0,0,0,1,1,0,0.7983571428571429,52,0.21266494198861363,5,"BCC, iClusterBayes, LRA, PINSPlus, SNF",0.798357142857143,52,0.692997,0.694285714285714,0.525328571428571,0.865458928571428,46.87,48,33,54,0,0,0,0.004,5.354,4,500
MET_PRO_SNP,MET+PRO+SNP,3,MET;PRO;SNP,0,1,0,1,0,1,0.8794642857142858,53,0.018940360210353963,2,"iClusterBayes, LRA",0.879464285714286,53,0.768669642857143,0.794642857142857,0.499776785714286,0.928571428571429,49.769,52,31,56,0,0,0.002,0.008,4.057,2,500
MIR_PRO,MIR+PRO,2,MIR;PRO,0,0,1,1,0,0,0.9252857142857143,54,0.09868988741279938,5,"BCC, iClusterBayes, LRA, PINSPlus, SNF",0.925285714285714,54,0.827403571428571,0.837214285714286,0.652992857142857,0.953510714285714,52.49,53,46,57,0,0,0,0,1.966,1,500
PRO_RNA_SNP,PRO+RNA+SNP,3,PRO;RNA;SNP,0,0,0,1,1,1,0.9419642857142857,55,0.03156726701725663,2,"iClusterBayes, LRA",0.941964285714286,55,0.864526785714286,0.879464285714286,0.68515625,0.973214285714286,53.507,54,48,57,0,0,0.002,0.002,1.941,1,500
MIR_SNP,MIR+SNP,2,MIR;SNP,0,0,1,0,0,1,0.9642857142857142,56,0.025253813613805257,2,"iClusterBayes, LRA",0.964285714285714,56,0.950919642857143,0.973214285714286,0.785714285714286,1,55.861,56,52,57,0,0,0,0,0.891,1,500
PRO_SNP,PRO+SNP,2,PRO;SNP,0,0,0,1,0,1,0.9910714285714286,57,0.012626906806902668,2,"iClusterBayes, LRA",0.991071428571429,57,0.957035714285714,0.977678571428571,0.794642857142857,1,56.089,56.5,52,57,0,0,0,0,0.911,0.5,500
